{"cameraMode":{"drawMode":0,"name":"Shaded","section":"Shading Mode"},"sceneLighting":true,"audioPlay":false,"sceneViewState":{"m_AlwaysRefresh":false,"showFog":true,"showSkybox":true,"showFlares":true,"showImageEffects":true,"showParticleSystems":true,"showVisualEffectGraphs":true,"m_FxEnabled":true},"in2DMode":false,"pivot":{"x":0.7878333330154419,"y":8.639997482299805,"z":-2.5898091793060304},"rotation":{"x":0.4647115468978882,"y":-0.024592148140072824,"z":0.012205791659653187,"w":0.885428249835968},"size":0.8660253882408142,"orthographic":false}