{"cameraMode":{"drawMode":0,"name":"Shaded","section":"Shading Mode"},"sceneLighting":true,"audioPlay":false,"sceneViewState":{"m_AlwaysRefresh":false,"showFog":true,"showSkybox":true,"showFlares":true,"showImageEffects":true,"showParticleSystems":true,"showVisualEffectGraphs":true,"m_FxEnabled":true},"in2DMode":false,"pivot":{"x":43.431766510009769,"y":1.3487261533737183,"z":44.782779693603519},"rotation":{"x":0.22910504043102265,"y":-0.04584996774792671,"z":0.010052979923784733,"w":0.9726036190986633},"size":0.8660253882408142,"orthographic":false}