{"cameraMode":{"drawMode":0,"name":"Shaded","section":"Shading Mode"},"sceneLighting":true,"audioPlay":false,"sceneViewState":{"m_AlwaysRefresh":false,"showFog":true,"showSkybox":true,"showFlares":true,"showImageEffects":true,"showParticleSystems":true,"showVisualEffectGraphs":true,"m_FxEnabled":true},"in2DMode":false,"pivot":{"x":1.9914189577102662,"y":13.292657852172852,"z":-11.36412525177002},"rotation":{"x":0.4780043065547943,"y":0.01638384349644184,"z":-0.009782224893569947,"w":0.8785412907600403},"size":0.8660253882408142,"orthographic":false}