{"cameraMode":{"drawMode":0,"name":"Shaded","section":"Shading Mode"},"sceneLighting":true,"audioPlay":false,"sceneViewState":{"m_AlwaysRefresh":false,"showFog":true,"showSkybox":true,"showFlares":true,"showImageEffects":true,"showParticleSystems":true,"showVisualEffectGraphs":true,"m_FxEnabled":true},"in2DMode":false,"pivot":{"x":283.6412048339844,"y":20.50193214416504,"z":277.91851806640627},"rotation":{"x":0.008810853585600853,"y":-0.9797189831733704,"z":0.19534696638584138,"w":0.04409361630678177},"size":0.8660253882408142,"orthographic":false}