{"cameraMode":{"drawMode":0,"name":"Shaded","section":"Shading Mode"},"sceneLighting":true,"audioPlay":false,"sceneViewState":{"m_AlwaysRefresh":false,"showFog":true,"showSkybox":true,"showFlares":true,"showImageEffects":true,"showParticleSystems":true,"showVisualEffectGraphs":true,"m_FxEnabled":true},"in2DMode":false,"pivot":{"x":2.4243619441986086,"y":4.865293502807617,"z":-5.318399429321289},"rotation":{"x":0.29858440160751345,"y":-0.2747274935245514,"z":0.08926691859960556,"w":0.9099946618080139},"size":0.8660253882408142,"orthographic":false}