{"cameraMode":{"drawMode":0,"name":"Shaded","section":"Shading Mode"},"sceneLighting":true,"audioPlay":false,"sceneViewState":{"m_AlwaysRefresh":false,"showFog":true,"showSkybox":true,"showFlares":true,"showImageEffects":true,"showParticleSystems":true,"showVisualEffectGraphs":true,"m_FxEnabled":true},"in2DMode":false,"pivot":{"x":-5.9097208976745609,"y":1.8701355457305909,"z":6.114185810089111},"rotation":{"x":0.17279796302318574,"y":0.15103097259998322,"z":-0.027452655136585237,"w":0.9732807278633118},"size":1.0480393171310425,"orthographic":false}