{"cameraMode":{"drawMode":0,"name":"Shaded","section":"Shading Mode"},"sceneLighting":true,"audioPlay":false,"sceneViewState":{"m_AlwaysRefresh":false,"showFog":true,"showSkybox":true,"showFlares":true,"showImageEffects":true,"showParticleSystems":true,"showVisualEffectGraphs":true,"m_FxEnabled":true},"in2DMode":false,"pivot":{"x":83.18704986572266,"y":-2.783919334411621,"z":68.7892074584961},"rotation":{"x":-0.012310539372265339,"y":0.00004442175486474298,"z":0.00008304762741317973,"w":-1.0000234842300416},"size":0.8660253882408142,"orthographic":false}