{"cameraMode":{"drawMode":0,"name":"Shaded","section":"Shading Mode"},"sceneLighting":true,"audioPlay":false,"sceneViewState":{"m_AlwaysRefresh":false,"showFog":true,"showSkybox":true,"showFlares":true,"showImageEffects":true,"showParticleSystems":true,"showVisualEffectGraphs":true,"m_FxEnabled":true},"in2DMode":false,"pivot":{"x":1.4107797145843506,"y":2.1891465187072756,"z":-0.009451031684875489},"rotation":{"x":-0.2966969609260559,"y":0.05903661996126175,"z":-0.018322696909308435,"w":-0.9530137181282044},"size":31.99384117126465,"orthographic":false}