{"cameraMode":{"drawMode":0,"name":"Shaded","section":"Shading Mode"},"sceneLighting":true,"audioPlay":false,"sceneViewState":{"m_AlwaysRefresh":false,"showFog":true,"showSkybox":true,"showFlares":true,"showImageEffects":true,"showParticleSystems":true,"showVisualEffectGraphs":true,"m_FxEnabled":true},"in2DMode":false,"pivot":{"x":0.1585320681333542,"y":5.182388782501221,"z":-2.7546939849853517},"rotation":{"x":0.3763982355594635,"y":0.011865022592246533,"z":-0.005500326864421368,"w":0.9267407655715942},"size":0.8660253882408142,"orthographic":false}