{"cameraMode":{"drawMode":0,"name":"Shaded","section":"Shading Mode"},"sceneLighting":true,"audioPlay":false,"sceneViewState":{"m_AlwaysRefresh":false,"showFog":true,"showSkybox":true,"showFlares":true,"showImageEffects":true,"showParticleSystems":true,"showVisualEffectGraphs":true,"m_FxEnabled":true},"in2DMode":false,"pivot":{"x":-1.2495152950286866,"y":4.893057346343994,"z":6.2860565185546879},"rotation":{"x":-0.02580040507018566,"y":-0.9025701880455017,"z":0.4263647198677063,"w":-0.054846253246068957},"size":4.6103034019470219,"orthographic":false}