{"cameraMode":{"drawMode":0,"name":"Shaded","section":"Shading Mode"},"sceneLighting":true,"audioPlay":false,"sceneViewState":{"m_AlwaysRefresh":false,"showFog":true,"showSkybox":true,"showFlares":true,"showImageEffects":true,"showParticleSystems":true,"showVisualEffectGraphs":true,"m_FxEnabled":true},"in2DMode":false,"pivot":{"x":84.42240905761719,"y":2.4187073707580568,"z":61.476253509521487},"rotation":{"x":-0.25916150212287905,"y":0.15856431424617768,"z":-0.04305700957775116,"w":-0.9518479108810425},"size":1.3570494651794434,"orthographic":false}