{"cameraMode":{"drawMode":0,"name":"Shaded","section":"Shading Mode"},"sceneLighting":true,"audioPlay":false,"sceneViewState":{"m_AlwaysRefresh":false,"showFog":true,"showSkybox":true,"showFlares":true,"showImageEffects":true,"showParticleSystems":true,"showVisualEffectGraphs":true,"m_FxEnabled":true},"in2DMode":false,"pivot":{"x":1.0904226303100587,"y":1.9720001220703126,"z":-0.27871036529541018},"rotation":{"x":-0.365782767534256,"y":0.1882706880569458,"z":-0.07575733959674835,"w":-0.9083529710769653},"size":0.8660253882408142,"orthographic":false}