{"cameraMode":{"drawMode":0,"name":"Shaded","section":"Shading Mode"},"sceneLighting":true,"audioPlay":false,"sceneViewState":{"m_AlwaysRefresh":false,"showFog":true,"showSkybox":true,"showFlares":true,"showImageEffects":true,"showParticleSystems":true,"showVisualEffectGraphs":true,"m_FxEnabled":true},"in2DMode":false,"pivot":{"x":-20.701004028320314,"y":21.31150245666504,"z":-11.410309791564942},"rotation":{"x":0.196568101644516,"y":-0.07404839247465134,"z":0.014200982637703419,"w":0.9779473543167114},"size":1.0480393171310425,"orthographic":false}