{"cameraMode":{"drawMode":0,"name":"Shaded","section":"Shading Mode"},"sceneLighting":true,"audioPlay":false,"sceneViewState":{"m_AlwaysRefresh":false,"showFog":true,"showSkybox":true,"showFlares":true,"showImageEffects":true,"showParticleSystems":true,"showVisualEffectGraphs":true,"m_FxEnabled":true},"in2DMode":false,"pivot":{"x":82.66975402832031,"y":1.0765446424484254,"z":62.275814056396487},"rotation":{"x":-0.44210338592529299,"y":0.0025602784007787706,"z":-0.0003992506244685501,"w":-0.8972688317298889},"size":0.9592057466506958,"orthographic":false}