{"cameraMode":{"drawMode":0,"name":"Shaded","section":"Shading Mode"},"sceneLighting":true,"audioPlay":false,"sceneViewState":{"m_AlwaysRefresh":false,"showFog":true,"showSkybox":true,"showFlares":true,"showImageEffects":true,"showParticleSystems":true,"showVisualEffectGraphs":true,"m_FxEnabled":true},"in2DMode":false,"pivot":{"x":6.1171650886535648,"y":-21.59722137451172,"z":20.045154571533204},"rotation":{"x":0.4043121039867401,"y":0.12477897107601166,"z":-0.05622793734073639,"w":0.9047625064849854},"size":16.22852897644043,"orthographic":false}