{"cameraMode":{"drawMode":0,"name":"Shaded","section":"Shading Mode"},"sceneLighting":true,"audioPlay":false,"sceneViewState":{"m_AlwaysRefresh":false,"showFog":true,"showSkybox":true,"showFlares":true,"showImageEffects":true,"showParticleSystems":true,"showVisualEffectGraphs":true,"m_FxEnabled":true},"in2DMode":false,"pivot":{"x":83.79187774658203,"y":-1.9252686500549317,"z":68.5595474243164},"rotation":{"x":-0.32217392325401308,"y":-0.06516174226999283,"z":0.022414255887269975,"w":-0.9442889094352722},"size":0.8660253882408142,"orthographic":false}